username,email,password,address,phones
user_9974978539,thomasallen@example.org,s70sDI8pqY3W,"Unit 3908 Box 6730
DPO AA 16423",['803.560.6493x97622']
user_7691891984,maciasdwayne@example.org,3iFGnSZ9GTgE,"54790 Keith Village
East Amandaview, MI 29194",
user_2419274953,catherine41@example.net,9hLwFjlvXSVJ,,['(880)762-9064x36892']
user_8613789736,svasquez@example.org,7fJClRG9NGUi,"597 Haley Common
Gordonton, LA 68084","['(813)282-4318x211', '(545)611-2736', '487-547-3432']"
user_3806361393,lori95@example.org,J1iOrPOQOes1,,
user_4181075180,marcusbrown@example.net,laBLyKFpfm7s,"6642 Jones Mountains
East Jay, MH 02083","['859.388.8855', '455-251-8925x734']"
user_9426068535,carrdavid@example.org,6b03RxnjJCjD,"0070 Barr Cliff
West Christinastad, NM 62490","['+1-316-786-6658x387', '(814)344-8366', '424.623.5565x29252']"
user_6775791950,browndustin@example.org,8YSukF35K8Mt,,"['001-769-843-7070', '7579001290', '001-525-839-4418x700']"
user_7039905150,tracimullen@example.org,zrotdUX9JWQW,"3277 Yates Manors
North Juliechester, NJ 15441","['496-307-2440', '001-765-432-5868']"
user_4921464102,kristinekelly@example.org,yooHc7qyNAuP,"USCGC Sexton
FPO AE 88082",['(575)339-0547']
user_6139083920,mallorywright@example.net,UA2SyTMhfNGS,"252 Jamie Mount Suite 386
West Andreland, MD 19902",['462.619.2656']
user_0698723500,stewartmegan@example.com,amMFpqoiqJZl,,
user_0189602875,kayla97@example.org,s84d2LCHH7JF,"30600 Smith Ferry Suite 295
Michaeltown, MS 33292",['5327384455']
user_8969718899,conwayheather@example.com,wteUj2AQwYJR,"87634 Janet Mews
West Maria, RI 81460",['624.432.0164']
user_9063882640,werickson@example.org,7NOZIEi64XQ3,"USNV Morgan
FPO AE 82614","['001-294-922-9674x104', '797-224-1990']"
user_6463128538,wgordon@example.org,BJmBej8FNGxk,"386 Dawn Light
Port Sarah, MD 82709","['242-504-6250x1857', '873-598-0849x163']"
user_4341457845,wattsalan@example.com,KUmEH8jKs4BI,,"['992-422-7626x0341', '268.660.5498x35183']"
user_7422248956,lisarojas@example.com,Z8aRJsbVV2Kj,"115 Johnson Freeway
Lauraburgh, MD 92467",['403.928.3487']
user_1642990386,daniellemyers@example.org,bIgeWwzqjPlY,"268 Wallace Via
Catherinefort, KY 70544","['562.567.7361x2334', '+1-939-740-4200x760']"
user_3722766237,reevesclaire@example.com,vpAcG44USRy6,,
user_4123749656,davidpatterson@example.org,ZKJVSsOlc3u5,,
user_8306150192,bradleybarker@example.com,pM0QQUKPqdJM,"380 Vaughan Plains
Scottstad, ME 36885","['801.394.9369x8526', '001-330-250-2595x911', '001-659-711-7505']"
user_6868293892,crystalbaker@example.net,s6Bg55VN7kmh,"1965 Lin Flats Suite 217
Lopezfurt, WA 43765","['+1-297-355-5457', '4426728814']"
user_3551119586,jeffreythomas@example.com,ybdkVEn9sGUO,"46318 Benjamin Glens
New Steven, AS 48749","['(268)867-4214x4026', '200.903.6202x13239', '279.521.6144']"
user_9645277918,stephanie74@example.net,D0oMHlsBLtVC,"247 Nash Neck Apt. 433
New Nicholas, SD 81662","['001-436-430-1408', '+1-592-588-6072x0873', '373-982-7756x1545']"
user_0504557437,beckerlauren@example.net,4eAvQ8XmTDAi,,['001-961-517-7123']
user_8686238582,lstevens@example.com,mh3msNOD4kV6,"103 Robertson Fall
Arthurport, WV 27859","['001-617-866-2845x502', '(377)796-6361x1457', '737-384-2548']"
user_1834061756,kellipoole@example.net,P9Lrebqeh0oT,"972 Peters Hollow Suite 595
New David, HI 68867","['(374)410-8877x897', '(652)983-9727x72995']"
user_2035057083,rachelmays@example.com,RKIe8cSWSy5T,"8185 Hopkins Drive Apt. 601
North Jamesmouth, OR 60468","['567.902.9471', '(418)999-6076x2589', '(731)257-6396x497']"
user_9457849252,smalljenna@example.org,ZCJDGfxa8eIV,"1349 Holloway Row Apt. 975
Lake Danielle, TX 36193","['+1-980-468-4256x6933', '001-833-786-3234x938']"
user_7470499345,lauren26@example.org,ifVO8LzZ4UCP,"84318 Warner Islands
Ricefort, NC 45347",
user_7704062031,jtate@example.org,Yy3pwHJXmpFS,"PSC 9236, Box 4181
APO AP 04062",
user_0213672514,margaret58@example.org,2jtaAIBshdNp,"78062 Jody Oval Apt. 053
Jenningston, CO 25043","['+1-312-509-4622x1608', '+1-735-834-8883x7405', '364.694.9727x11941']"
user_4489552585,bradleykari@example.net,DnlRTgwcg2Uj,,"['001-227-819-4791x872', '+1-665-226-1746x345']"
user_5742226396,jason12@example.net,ybyn7qoK3Wz9,"892 Nicole Mills
Richardhaven, VA 42927",
user_9364993713,gmiller@example.net,YKblpCee6eVI,,
user_7647420531,johnsonmatthew@example.org,NjnQGHNwrjIF,"6655 Frederick Crest Suite 867
North Haileyfurt, CA 95101","['+1-282-700-9956', '001-435-928-0891x278']"
user_8326210927,john80@example.net,J2BDiK00rMsh,"1805 Robert Court
South Lindaberg, OK 26084","['001-580-621-3297x185', '573.530.5232']"
user_0703041577,whitecollin@example.net,IaQCSU09TJ64,"6795 William Groves
Richardport, AS 59852","['+1-457-692-1209', '2217941233', '+1-325-441-4208x0063']"
user_7015696867,jaredpreston@example.net,ey1bycDRpN7J,"225 Miller Tunnel Suite 654
Janetbury, OR 78139",['5252328293']
user_0550197466,kathrynbennett@example.net,isDbPAgHp1JJ,"879 Thomas Street Suite 938
South Adam, GU 38851","['903.213.0128x8147', '822-885-5299x122', '917.630.3194x39306']"
user_2638698538,avilasara@example.net,GNXiH5vkzUzI,"Unit 5942 Box 8434
DPO AA 45809","['001-793-783-2939x922', '661.842.5591x0221']"
user_0494803175,samantha86@example.com,yKpZSb56XhiB,"58145 Powers Spur Suite 886
Smithfort, DE 58840","['001-892-217-5660', '458.676.1857x117']"
user_5646390492,timjones@example.org,TuV3WL2kO18y,"USNV Horton
FPO AE 80413","['+1-776-312-6864x8762', '777.583.4729x0544']"
user_6114848894,vtucker@example.net,NItENDdRBKOv,,
user_1525248569,mariacoleman@example.com,EA6deGFgGktV,"69517 Brown Garden Suite 013
Port Becky, WY 73632",['(737)857-5964x00375']
user_2830420680,rosekirk@example.net,bcG8fGFg9NeZ,"7800 Brian Meadow Suite 683
Gentrytown, NJ 57010","['+1-868-335-3681x528', '591-251-3080x1073']"
user_5553951571,melissa66@example.com,xSSpbQQ6JwEv,,['+1-585-439-3663']
user_0747843733,wrightsarah@example.net,nP7TOoCSQhIq,"59262 John Turnpike Suite 143
East Kimberlyburgh, NE 36024","['738-707-0790x4528', '(862)591-3191x2965']"
user_6954678841,rmiranda@example.com,IlM3G2NdvjX3,"519 Ronald Squares
Hallchester, CO 26537",
user_0079678926,erica97@example.com,tr2REhJCUUcl,"2507 Murray Station Suite 572
Jenniferton, IL 58168",['001-724-573-4306x830']
user_5902160379,morrisshannon@example.net,5nd2loFP8t9M,"44982 Wright Crest
Jessicamouth, PA 65665",['(428)336-6955']
user_9545956825,thomaswright@example.com,2bxktcu8jVRT,"7269 Choi Keys Apt. 206
Tammyside, MN 92324","['331-908-3016x968', '832.262.4908x09968']"
user_1861286281,tsmith@example.net,krqXqqodHDDV,"3560 Alexander Estate
West Kristinastad, GU 64675","['299-358-5568', '252.419.0385x4907', '+1-551-247-2527x1511']"
user_9158153761,danielsbilly@example.com,VGnQ7m2z6UQW,"86707 Matthew Course
Caseymouth, KY 27974",
user_6961863619,ylopez@example.org,mCO60GIqL17a,"9477 Janet Avenue Suite 119
East Matthew, PA 63143","['(392)460-5824', '(625)450-0744x328', '+1-827-905-9619']"
user_1973310276,jensencathy@example.org,GRLpCHTxImRp,"33589 Castro Bridge Suite 900
Kristinland, CO 92331","['8565370239', '310.732.5805x4426']"
user_2506470803,davidgross@example.net,kcwjNdXNPxdG,"23211 Samantha Highway Suite 006
Bryantton, IA 93646",
user_4134694619,utaylor@example.com,ILVpYctftXJ5,"44709 Potter Point
Kennedychester, VT 31760","['(486)680-3131x604', '001-857-823-1149x055', '478-218-7545']"
user_9155592382,greenemarcus@example.com,cvl7bw1RF7QN,"1732 Mckinney Hills Suite 396
Torreston, TX 52325","['001-490-934-2809x287', '339-940-3690x7342', '+1-823-617-5203x4362']"
user_3019252109,seth91@example.net,03YZ3FziGITz,"1142 Tyrone Street
North Kathyshire, MN 20381","['4179196962', '+1-740-328-5975x3122', '503-693-2336']"
user_0953334104,erinroth@example.org,ExpVJhMwxU9A,"326 Cochran Ridge Suite 778
Martinezton, NY 06315",
user_2198101838,aprilsmith@example.com,OyFws3k8KNs6,"8221 Garcia Knoll
South Johnnyburgh, GA 41084","['430-721-7851x0749', '001-777-929-8847x415']"
user_6084963778,hutchinsonpatricia@example.com,545fqVYISoOB,"19420 Betty Fields Suite 855
West Melinda, PR 41984","['382-945-2559', '725-815-8593x48417']"
user_6422644414,pearsonmichael@example.com,MXKIk5qlFRUU,"05755 Joshua Ports Suite 279
Ericaberg, GA 85497","['(921)494-6589x6390', '995.669.6732']"
user_1787236281,mary28@example.com,wWzynph8k94n,"66119 Allison Junctions Suite 117
Masonbury, AL 05369","['(864)817-2602x70049', '(475)702-5021']"
user_0530285865,stephanie86@example.com,TAOSGULInESL,"662 Sharon Harbors
Michaelview, WV 77360","['(617)464-6211', '+1-336-796-2998', '827.450.2695']"
user_7595737775,brooke15@example.org,ZXgL3R6sAADB,"4478 Mary View Suite 266
Hernandezville, FM 93593","['622-470-9915x886', '(963)462-3999x465']"
user_4441866302,thomascindy@example.net,mdQcnC2pVkxF,"70365 Rice Ville Apt. 491
Andrewview, ID 83383",
user_0252456962,jessicawhitaker@example.net,vHoiF6wBlyot,"658 Ronald Mall Suite 559
North Megantown, MH 26430","['001-631-647-2358x782', '999.597.3230x51948']"
user_8866622666,stevenball@example.net,3dhrV2NGlzAX,,"['001-551-685-2518', '830-829-9227x1482', '316.378.4237']"
user_5885846053,zsimon@example.com,Tzs1sxmdxn4s,,"['+1-512-363-2574x538', '3148319927', '957-668-4657']"
user_6221850194,qcole@example.com,y42ZJsxXn7GT,"5351 Megan Forges Apt. 884
Fieldsburgh, NC 98446",['4449071555']
user_8720307218,christopher30@example.com,CDd37nI2PXA4,"646 Gerald Plains
Williamsside, WI 68053","['807-916-7656x7674', '7557906056']"
user_4020997083,greenlaura@example.com,X1BI6EzKbG6B,"38687 Stanley Road
North Christopher, GU 79806","['+1-558-355-5633x262', '(616)600-8068', '623.913.3996x0581']"
user_7570311375,vcarlson@example.com,nVqTdui9TFkB,,
user_8683337830,qbenitez@example.com,hLTJILYlmPrc,"490 Wilson Hills Apt. 743
Lake James, GA 99539","['001-336-909-1455x366', '416.908.5010']"
user_4392754151,williamsangela@example.net,1ixLR2fSKKvB,"1629 Yesenia Summit
Samanthaborough, NJ 68365","['001-373-439-9879', '(995)752-1268x4499']"
user_0605528083,michael98@example.net,xvgnqQrv70WX,"USS Anderson
FPO AA 07076","['270-823-5549x07644', '(977)522-2489', '001-472-389-6131']"
user_6457965658,mcdonaldbrianna@example.org,rD5vX0W8PF6q,"71793 Price Parkway Suite 709
Port Judithview, KY 12899",
user_2064816526,samuelgates@example.net,yw8MLMtkbCBP,"9396 Melton Falls Suite 915
Port Jackmouth, WI 75324","['+1-534-578-0146x6010', '001-409-486-5674x185']"
user_2143174548,prestonashley@example.net,Kc3MTmr8LJ0v,"46907 Jones Island
Hammondfurt, VI 94438","['(440)874-6190', '+1-467-974-5773', '989-652-2621x6556']"
user_4687763992,tuckernathaniel@example.org,kFEpVR3JMOg2,"97942 Jessica Lodge Apt. 208
Port Tracytown, IL 55563",
user_9945839611,cathy44@example.com,Y54qCqk7IW57,"888 Marilyn Dam Suite 397
West Patriciaport, HI 00782","['8135689608', '+1-334-805-5607x2903']"
user_0951096612,ureynolds@example.com,E09J6uGRqoiP,,"['840-784-7181x216', '549.912.9631x02703', '722.662.4657x631']"
user_3266620307,johnshaw@example.net,0zHWeRxC5H5B,,"['(435)637-1067x773', '+1-233-303-6277', '965-749-6827']"
user_4809002672,julie12@example.com,DmKkMotSCOWX,"842 Hicks Court
Angelborough, RI 63643","['472.239.2827x875', '(995)730-2068', '908-940-0289x98015']"
user_8217959656,theresa56@example.org,BTuGBlGp9xgJ,"USNV Moore
FPO AP 58228","['001-360-917-8391x987', '584.280.9910']"
user_5800810457,michaelhart@example.com,LziGs2nQyrcM,"0101 Melinda Mills
Cynthiaport, OH 29488","['+1-505-637-8596x451', '+1-316-559-8380', '001-246-578-1759x826']"
user_9136778317,bmelton@example.net,S9kixgqUHvev,"0466 Jesus Mews
Lake Mary, WY 66354","['(900)427-6462', '506.440.7204', '703-339-9414']"
user_4794647457,kennethsanchez@example.net,GCX61NwlwqhS,"3093 Stephanie Prairie Suite 353
Davidbury, VA 96770",['(451)558-1937x12939']
user_1480332613,kavila@example.org,Zeqj5AyFCWcs,"01881 Mitchell Valleys Suite 961
Port Edward, UT 11085",['729.659.9696x335']
user_0796810906,joannapatel@example.org,uJGZNH6xueQ9,"24542 Jennifer Isle
West Davidland, RI 02885","['828-418-8216', '578.603.4453', '213.450.9415']"
user_2932201031,christopherchapman@example.com,MQOjOL7vDu3u,"5328 Amy Skyway Apt. 671
Westmouth, AZ 97045","['+1-921-762-6014x9356', '214.867.1090x29737', '001-564-485-1176']"
user_3911607587,marissa48@example.net,6syCvcvsGXdq,"92105 Brown Corners Apt. 595
Lake Michael, DC 08358","['849.361.7775x445', '7089055667', '464.329.5564']"
user_5564159498,amandalee@example.org,BcdRF0iPaCoO,"668 Moran Islands Suite 063
Sheilaland, WV 90352",['278.247.4375x8937']
user_3609226445,bradyphillip@example.org,FrLg9DoHwZ0z,"98243 Samantha Dale
Richardshire, MD 55244",
user_1421011461,ashley40@example.org,xgyn1uTsNqpL,"USS Booth
FPO AE 98401","['(699)611-1950', '(655)277-3941x289']"
user_0611425447,pmitchell@example.org,pJ2pMEV9fPWv,"3995 Aaron Skyway Apt. 130
New Karina, GA 02095",['735.286.4203x257']
user_1972851150,bfisher@example.com,D9b5DygQNXJ1,"06669 Collins Wall
Port Jennifer, IN 82242","['985-558-7216', '328.432.3496', '248.693.7126']"
